Proxy,Status
1.71.170.146:7302,retained
101.132.222.120:80,retained
101.200.121.148:8015,dropped
101.200.158.109:3128,new
101.200.158.109:8008,retained
101.200.158.109:8080,dropped
101.200.158.109:8800,new
101.200.60.183:8081,retained
101.230.11.146:10205,dropped
101.230.11.146:10230,retained
101.230.11.146:11403,retained
101.230.11.146:11959,retained
101.230.172.86:80,retained
101.230.172.86:9480,retained
101.251.204.174:8080,retained
101.255.104.38:1080,retained
102.38.36.218:8080,new
103.105.196.30:80,retained
103.113.3.29:8080,dropped
103.118.46.61:8080,new
103.118.47.243:8080,new
103.137.75.74:80,dropped
103.170.136.9:80,new
103.170.137.161:80,new
103.175.49.78:8080,retained
103.224.73.77:3128,new
103.227.107.4:1111,dropped
103.253.103.50:80,new
103.39.226.106:80,retained
103.39.232.254:80,retained
103.49.114.195:8080,new
103.63.190.84:8080,retained
103.75.119.185:80,retained
103.86.109.38:80,retained
104.129.194.38:10000,retained
104.129.194.38:10086,retained
104.129.194.38:10089,retained
104.129.194.38:11143,retained
104.129.194.38:11267,retained
104.129.194.38:18080,dropped
104.129.194.43:10005,retained
104.129.194.43:10336,retained
104.129.194.43:10801,retained
104.129.194.43:11267,retained
104.129.194.43:54321,retained
104.129.194.44:10000,retained
104.129.194.44:10008,retained
104.129.194.44:10336,retained
104.129.194.44:10801,retained
104.129.194.44:10945,retained
104.129.194.44:11213,retained
104.129.194.44:11274,retained
104.129.194.45:10000,retained
104.129.194.45:10002,retained
104.129.194.45:10006,retained
104.129.194.45:10011,retained
104.129.194.45:10086,retained
104.129.194.45:10092,retained
104.129.194.45:10153,retained
104.129.194.45:10841,retained
104.129.194.45:10945,retained
104.129.194.45:11032,retained
104.129.194.45:11143,retained
104.129.194.45:11151,retained
104.129.194.45:11480,new
104.129.194.45:20001,retained
104.129.194.45:9401,retained
104.129.194.45:9443,retained
104.129.194.46:10005,retained
104.129.194.46:10089,retained
104.129.194.46:10784,retained
104.129.194.46:11143,retained
104.129.194.46:11267,retained
104.129.196.34:10000,retained
104.131.103.230:80,retained
104.237.250.13:80,dropped
104.248.118.110:80,retained
104.248.126.29:80,retained
104.248.127.163:80,retained
104.248.174.70:80,retained
104.248.219.236:80,retained
104.248.228.183:80,retained
104.248.234.34:80,retained
104.248.238.147:80,retained
104.248.238.21:80,retained
104.248.5.109:80,retained
104.248.57.251:80,retained
104.248.57.47:80,retained
104.248.58.57:80,retained
104.248.83.197:80,retained
104.248.83.79:80,dropped
104.248.94.33:80,retained
106.12.156.26:80,dropped
106.14.104.220:10000,dropped
106.14.104.220:3333,dropped
106.14.104.220:5080,retained
106.14.104.220:8080,new
106.14.104.220:9098,new
106.14.91.83:8008,new
106.14.91.83:8082,dropped
106.14.91.83:8443,dropped
106.14.91.83:9080,retained
106.14.91.83:9098,new
108.170.12.13:80,dropped
108.61.23.18:80,retained
109.194.34.246:8082,dropped
109.197.153.25:8888,dropped
109.234.159.83:80,retained
109.95.220.45:8080,new
110.188.37.123:2324,dropped
110.188.37.59:2324,dropped
111.72.195.253:2324,dropped
111.72.196.125:2324,new
111.72.197.108:2324,new
112.126.68.169:8384,dropped
112.213.87.154:8080,retained
112.74.173.47:8837,dropped
112.78.134.133:7777,new
112.86.55.143:81,retained
113.108.13.120:4433,new
114.215.127.92:80,retained
114.215.127.92:8080,new
114.215.127.92:8081,retained
114.215.127.92:8118,dropped
114.215.127.92:9100,dropped
115.239.234.43:7302,retained
115.29.224.60:80,new
116.104.186.75:5107,new
116.236.68.169:10005,retained
116.62.230.32:3128,dropped
117.144.175.195:9401,retained
117.54.114.35:80,new
117.74.65.207:443,retained
118.113.244.104:2324,new
118.113.244.186:1080,new
118.113.245.9:2324,dropped
118.113.246.167:2324,new
118.218.126.54:9400,retained
118.98.232.106:80,retained
119.207.238.19:80,dropped
119.3.113.150:9094,new
119.3.113.152:9094,new
120.25.189.254:8081,retained
120.25.189.254:9080,retained
120.25.189.254:9098,retained
120.26.104.146:1111,dropped
120.26.104.146:3128,new
120.26.104.146:80,retained
120.26.104.146:8008,dropped
120.26.104.146:8081,dropped
120.26.104.146:9098,new
120.26.52.35:3128,dropped
120.26.52.35:3333,new
120.26.52.35:80,new
120.26.52.35:8081,retained
120.27.224.64:3129,dropped
120.55.240.71:8647,new
121.143.214.170:80,new
121.176.173.123:80,dropped
121.230.9.205:1080,new
121.233.144.240:3712,new
121.43.109.88:3128,new
121.43.109.88:80,new
121.43.109.88:8008,dropped
121.43.109.88:8081,retained
121.43.146.222:8008,dropped
121.43.146.222:8080,retained
121.43.146.222:8081,dropped
121.43.146.222:9080,new
121.43.150.231:8080,new
121.43.154.123:6379,new
121.43.154.123:80,retained
121.43.154.123:8008,dropped
121.43.154.123:8085,retained
121.43.43.217:10007,dropped
122.10.82.237:80,new
122.224.56.198:7302,retained
122.5.194.38:1001,new
122.53.36.202:8081,new
123.140.100.117:5031,dropped
123.140.100.119:5031,dropped
123.140.100.11:5031,new
123.140.100.120:5031,dropped
123.140.100.18:5031,dropped
123.140.100.19:5031,new
123.140.100.29:5031,dropped
123.140.100.32:5031,dropped
123.140.100.33:5031,dropped
123.140.100.45:5031,dropped
123.140.100.64:5031,dropped
123.140.100.71:5031,dropped
123.140.100.76:5031,dropped
123.140.160.16:5031,dropped
123.140.160.50:5031,dropped
123.140.160.54:5031,new
123.140.160.71:5031,dropped
123.140.160.76:5031,dropped
123.141.181.3:5031,dropped
123.141.181.86:5031,dropped
123.141.185.101:5031,new
123.141.185.130:5031,new
123.141.185.139:5031,new
123.141.185.151:5031,new
123.141.185.15:5031,new
123.141.185.98:5031,dropped
123.30.154.171:7777,retained
124.163.236.54:7302,retained
128.199.100.173:80,retained
128.199.202.122:80,new
129.226.155.235:8080,retained
130.36.47.108:443,retained
131.148.8.130:3128,new
134.209.29.120:3128,new
135.181.154.225:80,new
138.197.112.162:80,retained
138.197.132.186:80,retained
138.197.143.192:80,retained
138.197.155.38:80,retained
138.197.179.42:80,retained
138.197.200.115:80,retained
138.197.200.94:80,retained
138.197.4.170:80,retained
138.197.65.252:80,retained
138.197.73.134:80,retained
138.201.245.91:8080,retained
138.68.147.175:80,retained
138.68.235.51:80,dropped
138.68.59.191:80,retained
138.68.60.8:80,new
138.68.60.8:8080,new
138.68.7.9:8080,dropped
139.129.202.244:80,new
139.162.169.148:80,retained
139.162.37.247:80,retained
139.162.38.71:80,retained
139.224.186.221:1111,retained
139.224.186.221:8081,retained
139.59.1.14:3128,dropped
139.59.131.31:80,retained
139.59.171.38:80,retained
139.59.172.98:80,retained
139.59.184.139:80,retained
139.59.203.150:80,dropped
139.59.213.145:80,retained
139.59.25.198:80,retained
139.59.33.169:80,retained
139.59.75.98:80,retained
139.59.78.178:80,retained
139.59.83.210:80,retained
139.59.98.135:80,retained
141.0.11.241:80,retained
141.0.11.243:80,retained
141.0.11.244:80,retained
141.0.11.250:80,retained
141.0.11.253:80,retained
141.0.11.254:80,retained
141.0.13.229:80,retained
141.0.13.236:80,retained
141.0.8.24:80,retained
141.0.8.95:80,retained
141.0.8.96:80,retained
141.0.9.176:80,retained
142.4.197.209:80,retained
142.93.118.79:80,retained
142.93.124.156:80,retained
142.93.125.199:80,retained
142.93.133.101:80,retained
142.93.142.176:80,retained
142.93.157.156:80,retained
142.93.162.17:80,retained
142.93.175.15:80,retained
142.93.181.123:80,retained
142.93.206.1:80,retained
142.93.226.102:80,retained
142.93.244.64:80,retained
142.93.249.121:80,retained
142.93.35.82:80,retained
142.93.36.130:80,retained
142.93.36.241:80,retained
142.93.4.135:80,retained
142.93.46.131:80,retained
142.93.47.109:80,retained
142.93.47.122:80,retained
142.93.76.196:80,retained
143.198.42.182:31280,new
143.244.207.176:1024,retained
143.42.66.91:80,retained
145.40.97.148:10002,new
145.40.97.148:10003,new
145.40.97.148:10004,new
145.40.97.148:10005,new
145.40.97.148:10006,new
145.40.97.148:10010,new
145.40.97.148:10800,new
145.40.97.148:11544,new
145.40.97.148:80,new
145.40.97.148:9400,new
145.40.97.148:9401,new
145.40.97.148:9443,new
146.185.235.147:8080,retained
147.161.146.13:11197,retained
147.161.166.35:10326,retained
147.161.177.132:10272,retained
147.45.104.252:80,dropped
147.75.101.246:9443,retained
147.75.101.247:10000,retained
147.75.101.247:10002,retained
147.75.101.247:10003,retained
147.75.101.247:10006,retained
147.75.101.247:10011,retained
147.75.101.247:80,retained
147.75.33.108:10001,retained
147.75.33.108:10010,retained
147.75.33.108:10064,retained
147.75.33.108:10101,retained
147.75.33.108:10113,retained
147.75.33.108:80,retained
147.75.34.103:10002,new
147.75.34.103:10003,new
147.75.34.103:10004,new
147.75.34.103:10006,new
147.75.34.103:80,new
147.75.34.103:9400,new
147.75.34.103:9401,new
147.75.34.103:9443,new
147.75.68.201:80,retained
147.75.68.201:9443,retained
147.75.92.248:80,retained
148.66.6.212:80,retained
148.66.6.213:80,retained
148.66.6.214:80,retained
149.129.226.9:104,new
149.129.226.9:194,new
149.129.226.9:32768,retained
149.129.226.9:6379,dropped
149.129.226.9:69,dropped
149.129.226.9:8081,new
149.129.255.179:1080,retained
149.129.255.179:18080,dropped
149.129.255.179:3128,new
149.129.255.179:4002,dropped
149.129.255.179:77,new
152.228.154.20:80,dropped
153.126.167.9:80,retained
154.12.253.231:10000,dropped
154.16.146.41:80,new
154.16.146.46:80,new
154.16.146.47:80,new
154.205.147.234:1080,dropped
154.205.147.234:15,new
154.205.147.234:20,retained
154.205.147.234:20000,new
154.85.58.149:80,new
156.240.100.10:8080,dropped
156.244.0.116:1080,dropped
156.244.0.116:20,new
156.244.0.116:55553,retained
156.244.11.6:1080,retained
156.244.11.6:20,new
156.244.11.6:20000,dropped
156.244.11.6:80,dropped
156.244.11.6:82,new
156.67.214.232:80,retained
157.15.80.32:7777,dropped
157.230.48.11:80,retained
157.230.49.107:80,retained
157.245.137.190:80,retained
157.245.138.154:80,retained
157.245.139.32:80,retained
157.245.141.24:80,retained
157.245.142.114:80,retained
157.245.142.242:80,retained
157.245.168.206:80,retained
157.245.185.248:80,retained
157.245.240.152:80,retained
157.245.246.70:80,retained
157.245.250.231:80,retained
157.245.250.23:80,retained
157.245.85.171:80,retained
157.245.94.13:80,retained
157.245.94.59:80,retained
158.255.77.166:80,retained
158.255.77.168:80,new
158.255.77.169:80,new
159.203.186.165:80,retained
159.203.61.169:3128,retained
159.203.61.169:8080,new
159.223.22.15:80,retained
159.224.232.194:8888,new
159.65.184.81:80,retained
159.65.245.255:80,retained
159.69.53.16:80,retained
16.163.88.228:80,retained
160.248.7.177:80,new
161.35.11.96:80,retained
161.35.116.188:80,retained
161.35.119.21:80,retained
161.35.15.76:80,retained
161.35.60.102:80,new
161.35.70.249:3128,new
161.35.70.249:80,new
161.35.70.249:8080,retained
161.35.88.205:80,retained
161.35.89.9:80,retained
162.214.51.254:2086,retained
162.243.173.160:80,retained
165.139.202.86:8080,retained
165.22.118.134:80,retained
165.225.10.13:11265,retained
165.225.112.26:33333,retained
165.225.113.220:10884,retained
165.225.120.36:10012,retained
165.225.120.42:3128,retained
165.225.124.35:10526,new
165.225.124.36:10018,new
165.225.196.24:11303,retained
165.225.196.24:11724,retained
165.225.197.191:11303,retained
165.225.197.191:11480,retained
165.225.197.191:11724,retained
165.225.197.191:11995,retained
165.225.206.35:10028,retained
165.225.210.23:11454,retained
165.225.210.23:11724,retained
165.225.222.17:10870,retained
165.225.56.170:11359,retained
165.225.56.170:12025,retained
165.225.72.38:10000,retained
165.225.72.38:10001,retained
165.225.72.38:10002,retained
165.225.72.38:10003,dropped
165.225.72.38:10004,retained
165.225.72.38:10005,retained
165.225.72.38:10006,retained
165.225.72.38:10011,retained
165.225.72.38:10013,retained
165.225.72.38:10014,retained
165.225.72.38:10021,retained
165.225.72.38:10024,retained
165.225.72.38:10025,retained
165.225.72.38:10035,retained
165.225.72.38:10050,retained
165.225.72.38:10056,retained
165.225.72.38:10057,retained
165.225.72.38:10086,retained
165.225.72.38:10089,retained
165.225.72.38:10092,retained
165.225.72.38:10101,retained
165.225.72.38:10111,retained
165.225.72.38:10117,retained
165.225.72.38:10203,retained
165.225.72.38:10211,retained
165.225.72.38:10229,retained
165.225.72.38:10262,dropped
165.225.72.38:10273,retained
165.225.72.38:10330,retained
165.225.72.38:10344,dropped
165.225.72.38:10356,retained
165.225.72.38:10372,retained
165.225.72.38:10385,retained
165.225.72.38:10409,retained
165.225.72.38:10419,retained
165.225.72.38:10426,retained
165.225.72.38:10446,dropped
165.225.72.38:10475,retained
165.225.72.38:10477,retained
165.225.72.38:10497,dropped
165.225.72.38:10514,retained
165.225.72.38:10523,retained
165.225.72.38:10561,retained
165.225.72.38:10601,retained
165.225.72.38:10603,retained
165.225.72.38:10608,retained
165.225.72.38:10628,retained
165.225.72.38:10633,retained
165.225.72.38:10653,retained
165.225.72.38:10727,retained
165.225.72.38:10748,retained
165.225.72.38:10755,retained
165.225.72.38:10801,retained
165.225.72.38:10815,retained
165.225.72.38:10819,retained
165.225.72.38:10838,retained
165.225.72.38:10840,retained
165.225.72.38:10843,retained
165.225.72.38:10847,retained
165.225.72.38:10855,retained
165.225.72.38:10870,retained
165.225.72.38:10873,retained
165.225.72.38:10878,retained
165.225.72.38:10914,retained
165.225.72.38:10919,retained
165.225.72.38:10923,retained
165.225.72.38:10943,retained
165.225.72.38:10987,retained
165.225.72.38:11018,retained
165.225.72.38:11023,retained
165.225.72.38:11031,dropped
165.225.72.38:11032,retained
165.225.72.38:11080,retained
165.225.72.38:11089,retained
165.225.72.38:11093,retained
165.225.72.38:11112,retained
165.225.72.38:11183,retained
165.225.72.38:11195,retained
165.225.72.38:11197,retained
165.225.72.38:11198,dropped
165.225.72.38:11200,retained
165.225.72.38:11201,retained
165.225.72.38:11211,retained
165.225.72.38:11218,retained
165.225.72.38:11259,retained
165.225.72.38:11267,retained
165.225.72.38:11351,retained
165.225.72.38:11363,retained
165.225.72.38:11405,retained
165.225.72.38:11409,retained
165.225.72.38:11415,retained
165.225.72.38:11421,retained
165.225.72.38:11445,retained
165.225.72.38:11451,retained
165.225.72.38:11469,retained
165.225.72.38:11471,retained
165.225.72.38:11483,retained
165.225.72.38:11526,retained
165.225.72.38:11527,retained
165.225.72.38:11579,retained
165.225.72.38:11588,retained
165.225.72.38:11755,retained
165.225.72.38:18000,retained
165.225.72.38:18080,retained
165.225.72.38:3128,retained
165.225.72.38:33333,retained
165.225.72.38:9401,dropped
165.225.77.184:11398,retained
165.225.77.184:11724,retained
165.225.77.184:11995,retained
165.227.192.191:80,retained
165.227.192.220:80,retained
165.227.251.189:80,retained
165.227.34.178:80,retained
165.227.37.19:80,retained
165.227.39.229:80,retained
165.227.84.56:80,retained
165.227.85.218:80,retained
165.227.85.89:80,retained
165.232.129.15:80,retained
167.103.19.22:11194,retained
167.172.136.12:80,retained
167.172.212.21:80,retained
167.172.47.217:80,retained
167.235.232.44:8080,retained
167.71.101.150:80,retained
167.71.104.5:80,retained
167.71.115.224:80,new
167.71.117.170:80,retained
167.71.141.197:80,retained
167.71.142.216:80,retained
167.71.166.185:80,retained
167.71.181.243:80,retained
167.71.254.251:80,retained
167.71.57.123:80,retained
167.71.58.75:80,retained
167.71.71.146:80,retained
167.99.158.35:80,retained
168.138.50.91:80,dropped
171.237.106.145:1010,dropped
171.237.106.145:1014,dropped
171.244.5.173:3129,new
172.104.124.13:80,retained
172.104.155.55:80,retained
172.104.28.15:80,retained
172.105.152.203:80,retained
175.178.136.39:8080,new
176.114.84.25:80,retained
176.58.125.65:80,retained
177.81.25.226:8080,dropped
178.128.147.192:80,retained
178.128.149.142:80,retained
178.128.15.183:80,retained
178.128.15.49:80,retained
178.128.151.181:80,retained
178.128.154.45:80,retained
178.128.168.228:80,retained
178.128.169.173:80,retained
178.128.18.201:80,retained
178.128.190.203:80,retained
178.128.20.207:80,retained
178.128.220.63:80,retained
178.128.236.55:80,retained
178.128.24.172:80,retained
178.128.240.181:80,retained
178.128.25.20:80,retained
178.128.53.208:80,retained
178.128.80.105:80,retained
178.128.97.90:80,retained
178.33.13.233:80,retained
178.79.129.126:80,retained
179.189.236.201:20183,new
18.175.118.106:999,new
18.206.236.158:9999,retained
180.167.238.98:7302,retained
180.191.59.41:51804,new
181.78.19.138:999,dropped
181.78.19.138:9992,new
181.78.19.142:999,dropped
182.155.254.159:80,dropped
182.52.68.41:80,retained
183.215.23.242:9091,dropped
185.105.102.179:80,dropped
185.105.102.189:80,retained
185.132.242.212:8083,new
185.141.213.174:8080,new
185.162.60.46:8080,dropped
185.166.25.206:8080,dropped
185.17.153.178:8080,retained
185.226.181.109:80,retained
185.26.180.143:80,retained
185.26.180.180:80,retained
185.26.181.241:80,retained
185.49.31.205:8080,new
185.88.177.197:80,new
186.0.144.81:9797,new
187.0.163.71:80,retained
188.112.179.204:80,new
188.136.162.151:8888,new
188.165.194.17:80,retained
188.166.236.213:80,retained
189.240.60.164:9090,new
189.240.60.168:9090,new
189.240.60.171:9090,new
189.240.60.172:9090,dropped
190.52.100.8:999,new
190.94.212.247:999,new
190.94.213.4:999,new
191.7.8.246:80,new
192.151.153.98:8080,new
192.241.147.174:80,retained
192.73.244.36:80,retained
193.168.60.23:80,new
193.42.159.252:80,retained
195.112.224.111:80,retained
195.114.209.50:80,dropped
195.120.185.218:80,retained
195.137.203.242:80,retained
195.146.79.49:8080,retained
195.189.142.132:80,retained
195.201.220.64:8080,retained
195.229.201.78:3128,retained
195.83.197.177:80,new
195.83.197.222:80,new
195.83.197.26:80,retained
195.83.197.45:80,retained
198.12.85.213:80,dropped
198.199.117.126:80,retained
198.199.86.11:3128,retained
198.199.86.11:8080,new
198.211.109.22:80,retained
198.23.143.74:80,retained
198.49.68.80:80,retained
198.58.120.206:80,retained
198.74.51.79:8888,retained
198.97.37.89:8080,retained
20.204.43.57:80,retained
20.27.14.220:8561,dropped
20.27.15.49:8561,dropped
200.174.198.86:8888,dropped
200.250.131.218:80,retained
201.150.119.170:999,new
201.174.239.25:8080,new
202.154.18.129:8080,retained
203.189.88.156:8015,retained
203.19.38.114:1080,new
203.74.125.18:8888,new
203.95.199.7:8080,new
204.13.42.194:8080,dropped
206.189.116.25:80,retained
206.189.156.125:80,retained
206.189.16.155:80,retained
206.189.161.123:80,retained
206.189.166.221:80,retained
206.189.172.33:80,retained
206.189.176.156:80,retained
206.189.177.204:80,retained
206.189.187.253:80,retained
206.189.188.231:80,retained
206.189.194.41:80,retained
206.189.197.131:80,retained
206.189.226.40:80,retained
206.189.35.69:80,retained
206.189.95.177:80,retained
206.81.1.146:80,retained
206.81.4.137:80,retained
208.91.196.146:80,dropped
208.91.196.170:80,retained
208.91.196.182:80,retained
208.91.196.195:80,retained
208.91.196.201:80,retained
208.91.197.21:80,retained
208.91.197.26:80,retained
208.91.197.48:80,dropped
208.91.197.49:80,retained
208.91.197.6:80,retained
208.91.197.79:80,dropped
209.126.86.192:80,retained
209.18.49.62:8080,retained
209.18.52.160:8080,retained
209.97.150.167:8080,dropped
211.195.208.234:80,new
211.45.175.45:80,retained
212.108.135.215:9090,new
212.108.153.246:9090,new
213.135.166.142:80,retained
213.136.87.65:80,retained
216.10.253.97:80,retained
216.200.63.52:8080,retained
217.195.215.217:8080,dropped
218.2.112.243:80,retained
218.205.185.25:7302,retained
218.75.224.4:3309,new
218.77.183.214:5224,new
218.92.86.203:8689,dropped
219.65.73.81:80,retained
220.116.142.217:80,dropped
220.73.173.111:443,dropped
220.88.5.106:80,new
221.178.239.200:7302,retained
221.231.13.198:1080,new
221.6.139.190:9002,new
222.83.110.83:7302,retained
222.88.201.225:7302,retained
222.92.76.4:8083,new
223.206.122.94:8080,dropped
23.122.184.9:8888,retained
23.237.210.82:80,retained
23.239.10.167:80,retained
23.247.136.248:80,new
23.82.137.157:80,retained
23.82.137.158:80,new
23.82.137.159:80,new
27.147.195.170:58080,new
27.254.217.116:8081,dropped
3.10.207.94:8000,new
3.11.14.39:3128,new
3.23.70.0:80,retained
31.148.207.153:80,retained
31.40.248.2:8080,new
34.121.105.79:80,retained
34.198.82.189:80,retained
35.174.94.98:80,retained
36.138.53.26:10019,retained
37.120.189.106:80,retained
37.140.51.159:80,retained
38.250.126.201:999,dropped
38.54.79.150:80,retained
38.54.9.151:1080,retained
38.54.9.151:3128,new
38.54.9.151:8080,retained
38.7.18.147:999,dropped
39.100.88.89:4006,dropped
39.100.88.89:8008,retained
39.100.88.89:9080,new
39.101.65.228:10001,dropped
39.101.65.228:30001,retained
39.101.65.228:3333,new
39.101.65.228:7657,retained
39.101.65.228:7890,new
39.101.65.228:9091,dropped
39.102.208.149:3128,new
39.102.208.149:8008,new
39.102.208.149:8081,dropped
39.102.208.149:8443,dropped
39.102.208.149:9080,new
39.102.208.149:9999,dropped
39.102.208.189:1081,new
39.102.208.189:3128,dropped
39.102.208.189:8085,retained
39.102.208.189:8443,new
39.102.208.236:80,retained
39.102.208.236:8081,new
39.102.208.236:9098,retained
39.102.208.23:8080,new
39.102.208.23:8081,new
39.102.208.23:8443,dropped
39.102.208.23:9098,dropped
39.102.209.121:10002,dropped
39.102.209.121:31281,new
39.102.209.121:80,dropped
39.102.209.121:8008,new
39.102.209.121:9080,new
39.102.209.128:13,dropped
39.102.209.128:3128,new
39.102.209.128:80,new
39.102.209.128:8080,dropped
39.102.209.128:8081,dropped
39.102.209.128:9098,new
39.102.209.163:20002,dropped
39.102.209.163:3128,new
39.102.209.163:8008,retained
39.102.209.163:8081,retained
39.102.209.163:8443,dropped
39.102.210.176:3128,dropped
39.102.210.176:8081,new
39.102.210.176:9080,dropped
39.102.210.176:9098,retained
39.102.210.222:3128,dropped
39.102.210.222:8080,new
39.102.210.222:8888,new
39.102.210.222:9080,retained
39.102.211.162:3128,dropped
39.102.211.162:8080,new
39.102.211.162:8090,dropped
39.102.211.162:9080,new
39.102.211.64:3128,dropped
39.102.211.64:80,dropped
39.102.211.64:8080,new
39.102.211.64:8081,new
39.102.211.64:8443,dropped
39.102.211.64:9080,new
39.102.213.187:2080,new
39.102.213.187:3128,dropped
39.102.213.187:80,dropped
39.102.213.187:8080,new
39.102.213.187:8443,dropped
39.102.213.187:8888,new
39.102.213.187:9080,new
39.102.213.213:10000,retained
39.102.213.213:8089,retained
39.102.213.213:9098,new
39.102.213.3:3128,dropped
39.102.213.3:80,retained
39.102.213.3:8008,new
39.102.213.3:8888,dropped
39.102.213.3:9098,new
39.102.213.50:3128,new
39.102.213.50:3129,dropped
39.102.213.50:8081,dropped
39.102.213.50:9080,new
39.102.213.50:9098,dropped
39.102.214.152:3128,new
39.102.214.152:3333,dropped
39.102.214.152:8081,new
39.102.214.152:8443,dropped
39.102.214.152:9080,new
39.102.214.152:9098,dropped
39.102.214.192:3128,new
39.102.214.192:8080,dropped
39.102.214.192:8081,dropped
39.102.214.192:8443,dropped
39.102.214.192:9080,new
39.102.214.192:9098,new
39.102.214.199:10002,new
39.102.214.199:41890,new
39.102.214.199:80,dropped
39.102.214.199:8080,dropped
39.102.214.199:8081,dropped
39.102.214.199:8095,new
39.102.214.199:8443,dropped
39.102.214.208:10002,dropped
39.102.214.208:8081,dropped
39.102.214.208:8443,new
39.102.214.208:9080,dropped
39.102.214.208:9999,new
39.104.16.201:8080,dropped
39.104.16.201:8443,new
39.104.16.201:9080,retained
39.104.16.201:9098,retained
39.104.23.154:1111,dropped
39.104.23.154:80,new
39.104.23.154:8080,new
39.104.23.154:8443,retained
39.104.23.154:9080,dropped
39.104.27.89:10000,retained
39.104.27.89:8001,new
39.104.27.89:8004,retained
39.104.27.89:9080,new
39.104.57.33:20002,new
39.104.57.33:3128,dropped
39.104.57.33:80,dropped
39.104.57.33:8888,new
39.104.57.33:9080,new
39.104.59.56:3128,dropped
39.104.59.56:80,dropped
39.104.59.56:8080,new
39.104.59.56:9098,new
39.104.69.76:80,retained
39.104.69.76:8081,dropped
39.104.69.76:8090,new
39.104.69.76:9080,new
39.104.69.76:9098,dropped
39.99.239.207:30001,retained
41.139.234.127:8080,new
41.65.236.47:1981,dropped
42.112.22.6:80,dropped
43.226.40.203:80,dropped
43.227.64.197:80,retained
45.115.253.30:83,dropped
45.12.150.82:8080,dropped
45.136.198.40:3128,new
45.14.165.47:8080,retained
45.140.143.77:18080,retained
45.191.152.61:8080,new
45.22.209.157:8888,new
45.56.114.82:80,retained
45.58.52.81:80,retained
45.77.202.16:80,retained
46.101.181.17:80,retained
46.101.183.248:80,retained
46.101.186.228:80,retained
46.183.121.34:9999,retained
46.29.116.83:80,retained
46.35.9.110:80,retained
46.47.197.210:3128,new
46.99.204.38:80,new
47.100.197.223:7382,retained
47.100.254.82:80,new
47.104.198.111:3128,dropped
47.104.198.111:8080,dropped
47.104.198.111:8081,new
47.104.198.111:8443,new
47.104.198.111:8888,new
47.104.198.111:9999,dropped
47.104.27.165:80,new
47.104.27.165:8008,dropped
47.104.27.165:8081,retained
47.104.27.165:9080,dropped
47.104.27.165:9098,new
47.104.27.249:18080,retained
47.104.27.249:3128,new
47.104.27.249:9080,dropped
47.104.27.249:9098,retained
47.104.28.135:20002,dropped
47.104.28.135:80,dropped
47.104.28.135:8008,new
47.104.28.135:8080,new
47.104.28.135:9098,new
47.105.122.72:80,dropped
47.105.122.72:808,new
47.105.122.72:8080,retained
47.105.122.72:8081,retained
47.105.210.152:9008,new
47.108.159.113:4006,dropped
47.108.159.113:8008,retained
47.108.159.113:8080,new
47.108.159.113:8081,new
47.108.159.113:9098,new
47.108.28.149:80,new
47.109.110.100:80,retained
47.109.110.100:8008,dropped
47.109.110.100:8080,new
47.109.110.100:8888,new
47.109.110.100:9080,dropped
47.109.31.148:8090,new
47.109.31.148:8888,retained
47.109.83.196:45554,dropped
47.109.83.196:80,retained
47.109.83.196:8008,dropped
47.109.83.196:8443,new
47.109.83.196:9080,new
47.116.126.57:10000,dropped
47.116.126.57:3128,new
47.116.126.57:80,dropped
47.116.126.57:9098,retained
47.116.181.146:5060,new
47.116.181.146:6379,dropped
47.116.181.146:80,dropped
47.116.181.146:8081,new
47.116.181.146:8090,retained
47.116.210.163:8054,dropped
47.116.210.163:8080,retained
47.116.210.163:8081,new
47.116.210.163:9098,new
47.119.164.33:2080,dropped
47.119.164.33:6379,dropped
47.119.164.33:8080,new
47.119.164.33:8085,new
47.119.19.221:3128,new
47.119.19.221:80,dropped
47.119.19.221:8081,new
47.119.19.221:8085,retained
47.119.20.8:1111,retained
47.119.20.8:8008,retained
47.119.20.8:8080,dropped
47.119.20.8:9098,new
47.119.22.156:10000,dropped
47.119.22.156:3128,dropped
47.119.22.156:80,retained
47.119.22.156:9098,new
47.119.22.92:10000,new
47.119.22.92:8008,dropped
47.119.22.92:8080,dropped
47.119.22.92:8081,new
47.119.22.92:8085,dropped
47.119.22.92:8443,new
47.119.22.92:9080,dropped
47.120.0.231:3128,retained
47.120.0.231:80,dropped
47.120.0.231:8080,retained
47.120.26.153:8888,retained
47.121.129.129:3128,new
47.121.129.129:6666,new
47.121.129.129:7777,retained
47.121.129.129:8080,retained
47.121.129.129:8888,dropped
47.121.133.212:1080,retained
47.121.133.212:8008,dropped
47.121.133.212:8080,new
47.121.133.212:8081,new
47.121.133.212:9080,dropped
47.121.182.36:10000,retained
47.121.182.36:1088,dropped
47.121.182.36:80,dropped
47.121.182.36:8008,retained
47.121.182.36:8080,retained
47.121.182.88:8008,retained
47.121.182.88:8081,retained
47.121.182.88:8443,new
47.121.182.88:9080,dropped
47.121.183.107:6379,dropped
47.121.183.107:80,new
47.121.183.107:8081,new
47.121.183.107:9080,dropped
47.121.183.107:9098,retained
47.122.31.238:1081,retained
47.122.31.238:18080,new
47.122.31.238:8008,dropped
47.122.31.238:8090,new
47.122.31.238:8443,dropped
47.122.31.59:3128,dropped
47.122.31.59:80,new
47.122.31.59:8080,new
47.122.31.59:8443,dropped
47.122.5.165:3128,new
47.122.5.165:4006,retained
47.122.5.165:7302,dropped
47.122.5.165:80,dropped
47.122.56.158:3128,new
47.122.56.158:80,new
47.122.56.158:8081,dropped
47.122.56.158:8443,new
47.122.56.158:9098,dropped
47.122.57.58:8008,retained
47.122.57.58:8443,retained
47.122.57.58:9999,retained
47.122.60.157:10000,retained
47.122.60.157:3128,retained
47.122.60.157:8080,new
47.122.60.157:8081,dropped
47.122.60.73:3128,dropped
47.122.60.73:80,dropped
47.122.60.73:8008,new
47.122.60.73:8443,new
47.122.60.73:8888,new
47.122.60.73:9080,retained
47.122.61.139:3128,dropped
47.122.61.139:8008,dropped
47.122.61.139:8080,retained
47.122.61.139:8081,new
47.122.61.139:9080,new
47.122.62.83:7777,retained
47.122.62.83:8080,dropped
47.122.62.83:8443,dropped
47.122.62.83:9080,new
47.122.64.36:8008,retained
47.122.64.36:8080,dropped
47.122.64.36:8081,retained
47.122.65.254:3128,new
47.122.65.254:80,dropped
47.122.65.254:9080,retained
47.122.65.32:1111,new
47.122.65.32:3128,dropped
47.122.65.32:80,new
47.122.65.32:8080,dropped
47.122.65.32:9080,dropped
47.122.65.32:9098,new
47.237.107.41:193,dropped
47.237.107.41:20000,dropped
47.237.107.41:443,dropped
47.237.107.41:5060,new
47.237.107.41:6379,new
47.237.107.41:8080,dropped
47.237.107.41:8096,new
47.237.113.119:1080,dropped
47.237.113.119:16010,new
47.237.113.119:3128,new
47.237.113.119:5060,new
47.237.113.119:6379,retained
47.237.113.119:80,dropped
47.237.113.119:8008,dropped
47.237.2.245:1080,new
47.237.2.245:31281,dropped
47.237.2.245:541,new
47.237.2.245:6379,dropped
47.237.2.245:808,retained
47.237.2.245:9080,retained
47.237.92.86:1025,dropped
47.237.92.86:115,new
47.237.92.86:4916,dropped
47.237.92.86:50,new
47.237.92.86:5060,dropped
47.237.92.86:6379,new
47.237.92.86:666,new
47.237.92.86:80,dropped
47.238.128.246:80,dropped
47.238.128.246:8001,new
47.238.128.246:8002,new
47.238.128.246:8081,dropped
47.238.128.246:8443,dropped
47.238.128.246:9200,dropped
47.238.130.212:20000,new
47.238.130.212:5060,new
47.238.130.212:80,dropped
47.238.130.212:8081,retained
47.238.130.212:8443,dropped
47.238.130.212:9050,retained
47.238.134.126:100,new
47.238.134.126:14,dropped
47.238.134.126:5060,new
47.238.134.126:6379,retained
47.238.134.126:8081,retained
47.238.134.126:82,dropped
47.238.60.156:100,new
47.238.60.156:18081,dropped
47.238.60.156:31433,dropped
47.238.60.156:80,new
47.238.60.156:81,new
47.250.11.111:10000,dropped
47.250.11.111:3128,new
47.250.11.111:41,dropped
47.250.11.111:80,dropped
47.250.11.111:8081,new
47.250.11.111:9080,dropped
47.250.11.111:9098,new
47.250.155.254:6379,new
47.250.155.254:80,dropped
47.250.155.254:8003,dropped
47.250.155.254:8004,new
47.250.155.254:8443,retained
47.250.155.254:9080,dropped
47.250.159.65:5060,new
47.250.159.65:80,dropped
47.250.159.65:8002,new
47.250.159.65:9080,retained
47.250.159.65:9098,dropped
47.250.177.202:1080,dropped
47.250.177.202:20000,new
47.250.177.202:4022,new
47.250.177.202:70,dropped
47.250.177.202:8081,dropped
47.250.177.202:8443,retained
47.250.51.110:31281,new
47.250.51.110:4145,retained
47.250.51.110:50070,new
47.250.51.110:9080,dropped
47.250.51.110:9098,retained
47.251.73.54:4145,new
47.251.73.54:8081,dropped
47.251.73.54:8443,dropped
47.251.73.54:888,dropped
47.251.73.54:9098,new
47.251.74.38:199,new
47.251.74.38:79,retained
47.251.74.38:80,dropped
47.251.74.38:808,dropped
47.251.74.38:8445,new
47.251.74.38:9080,new
47.251.87.199:1036,new
47.251.87.199:2002,retained
47.251.87.199:2083,dropped
47.251.87.199:312,dropped
47.251.87.199:45,dropped
47.251.87.199:85,new
47.251.87.199:9098,new
47.251.87.74:1080,dropped
47.251.87.74:20125,new
47.251.87.74:4145,dropped
47.251.87.74:80,dropped
47.251.87.74:8081,new
47.251.87.74:8983,new
47.251.87.74:9050,new
47.252.11.233:1081,retained
47.252.11.233:8010,dropped
47.252.11.233:8081,dropped
47.252.11.233:9080,new
47.252.11.233:91,retained
47.252.18.37:100,dropped
47.252.18.37:10002,new
47.252.18.37:20,retained
47.252.18.37:45,retained
47.252.18.37:80,dropped
47.252.29.28:11222,retained
47.254.36.213:123,dropped
47.254.36.213:6379,dropped
47.254.36.213:80,new
47.254.36.213:8000,retained
47.254.36.213:8080,dropped
47.56.110.204:8989,retained
47.56.110.204:8990,new
47.74.46.81:18080,dropped
47.74.46.81:31433,new
47.74.46.81:50,new
47.74.46.81:80,new
47.74.46.81:8047,dropped
47.74.46.81:8080,dropped
47.76.144.139:11,new
47.76.144.139:18080,dropped
47.76.144.139:4006,new
47.76.144.139:4145,retained
47.76.144.139:5060,new
47.76.144.139:6379,dropped
47.76.144.139:8081,dropped
47.88.59.79:82,retained
47.89.159.212:137,dropped
47.89.159.212:31281,dropped
47.89.159.212:80,retained
47.89.159.212:8123,retained
47.89.159.212:993,new
47.90.149.238:11,new
47.90.149.238:31281,new
47.90.149.238:41,dropped
47.90.149.238:8081,new
47.90.149.238:90,dropped
47.90.149.238:9080,dropped
47.90.149.238:9098,dropped
47.90.167.27:100,new
47.90.167.27:1000,new
47.90.167.27:11,new
47.90.167.27:443,new
47.90.167.27:80,dropped
47.90.167.27:8080,dropped
47.90.167.27:8081,dropped
47.90.167.27:999,dropped
47.90.205.231:33333,new
47.91.109.17:1720,new
47.91.109.17:193,dropped
47.91.109.17:3128,retained
47.91.109.17:8080,dropped
47.91.109.17:8081,new
47.91.109.17:91,dropped
47.91.109.17:9200,new
47.91.110.148:3128,dropped
47.91.110.148:80,new
47.91.110.148:8080,retained
47.91.110.148:8081,new
47.91.110.148:8443,retained
47.91.110.148:9098,dropped
47.91.115.179:80,dropped
47.91.115.179:8443,retained
47.91.115.179:9080,new
47.91.115.179:98,dropped
47.91.120.190:1025,dropped
47.91.120.190:104,new
47.91.120.190:1080,new
47.91.120.190:3128,new
47.91.120.190:80,dropped
47.91.120.190:8080,dropped
47.91.120.190:8089,new
47.91.120.190:8880,dropped
47.91.121.127:1080,new
47.91.121.127:11,new
47.91.121.127:194,dropped
47.91.121.127:36389,dropped
47.91.121.127:8081,dropped
47.91.121.127:8888,dropped
47.91.121.127:9080,new
47.91.29.151:33427,dropped
47.91.29.151:4002,new
47.91.29.151:6379,new
47.91.29.151:8081,dropped
47.91.29.151:9080,dropped
47.91.29.151:9098,retained
47.91.89.3:115,new
47.91.89.3:35,dropped
47.91.89.3:8080,new
47.91.89.3:8081,retained
47.91.89.3:9050,dropped
47.91.89.3:9080,new
47.92.143.92:8081,new
47.92.143.92:82,retained
47.92.143.92:8888,retained
47.92.143.92:9080,retained
47.92.152.43:12000,dropped
47.92.152.43:3128,new
47.92.152.43:80,retained
47.92.152.43:8888,dropped
47.92.194.235:1080,dropped
47.92.194.235:8008,new
47.92.194.235:8080,retained
47.92.194.235:9999,new
47.92.219.102:8080,retained
47.92.219.102:8090,new
47.92.219.102:9080,new
47.92.219.102:9098,dropped
47.92.82.167:3128,new
47.92.82.167:8081,retained
47.92.82.167:8118,dropped
47.92.82.167:9080,new
47.92.82.167:9999,dropped
47.97.121.189:1000,new
47.99.112.148:4006,dropped
47.99.112.148:80,retained
47.99.112.148:8008,retained
47.99.112.148:8081,new
49.207.36.81:80,new
5.161.225.0:10000,retained
5.161.55.129:8080,retained
5.180.241.126:80,retained
5.188.31.140:80,retained
5.251.113.96:80,dropped
5.78.64.69:8080,retained
5.78.78.186:8080,retained
5.78.84.152:8080,retained
5.9.109.56:8080,retained
51.254.78.223:80,retained
51.75.206.209:80,retained
51.81.245.3:17981,retained
51.91.109.83:80,new
52.166.240.42:80,retained
52.56.248.120:10001,new
57.129.81.201:8080,new
57.129.81.201:999,new
59.53.80.122:10024,new
60.12.215.23:7302,retained
60.187.244.66:8085,dropped
61.175.121.98:7302,retained
62.162.193.125:8081,new
62.171.146.119:80,retained
62.210.215.36:80,dropped
64.227.28.40:80,retained
64.227.35.215:80,retained
65.108.145.212:8080,retained
65.108.203.35:18080,dropped
65.155.249.100:8080,retained
66.201.7.151:3128,new
66.45.237.230:80,retained
67.205.134.165:80,retained
67.43.228.250:31827,new
67.43.228.253:14923,new
67.43.236.20:20461,new
67.43.236.20:8457,dropped
68.107.241.150:8080,retained
68.183.104.99:80,retained
68.183.108.153:80,retained
68.183.116.172:80,retained
68.183.127.19:80,retained
68.183.128.169:80,retained
68.183.128.90:80,retained
68.183.130.82:80,retained
68.183.14.128:80,retained
68.183.14.24:80,retained
68.183.143.5:80,retained
68.183.15.169:80,retained
68.183.151.188:80,retained
68.183.210.204:80,retained
68.183.210.249:80,retained
68.183.57.56:80,retained
68.183.76.232:80,retained
68.183.96.133:80,retained
68.183.97.156:80,retained
68.183.98.179:80,retained
68.183.98.187:80,retained
71.14.218.2:8080,new
72.10.160.170:12003,dropped
72.10.160.171:2267,dropped
72.10.160.171:30099,dropped
72.10.160.90:11953,new
72.10.160.90:5161,new
72.10.160.90:9769,new
72.10.164.178:1245,dropped
72.10.164.178:16923,dropped
72.10.164.178:19723,new
72.10.164.178:24507,new
72.10.164.178:8507,dropped
72.167.204.71:80,retained
72.167.41.45:80,retained
72.2.102.226:8080,retained
72.2.102.227:8080,retained
72.2.102.228:8080,retained
74.220.199.6:80,new
77.238.66.2:80,retained
77.75.95.14:80,retained
78.186.40.188:3310,new
78.188.152.209:1454,retained
78.189.18.193:3310,retained
78.47.133.198:8080,retained
79.110.200.148:8081,new
79.110.200.27:8000,retained
79.110.201.235:8081,retained
79.110.202.131:8081,new
79.98.106.4:3128,retained
79.98.9.7:80,retained
8.129.108.251:8128,new
8.130.34.44:8002,dropped
8.130.34.44:808,new
8.130.34.44:8080,new
8.130.34.44:8081,dropped
8.130.34.44:8800,dropped
8.130.34.44:9002,retained
8.130.34.44:999,new
8.130.36.163:80,dropped
8.130.36.163:8080,retained
8.130.36.163:8888,dropped
8.130.36.163:9098,new
8.130.36.245:1311,new
8.130.36.245:3129,dropped
8.130.36.245:6000,new
8.130.36.245:8002,new
8.130.36.245:8081,new
8.130.36.245:9001,dropped
8.130.36.245:9999,dropped
8.130.37.235:1081,new
8.130.37.235:8081,dropped
8.130.37.235:8800,dropped
8.130.37.235:9080,retained
8.130.39.117:111,new
8.130.39.117:21025,dropped
8.130.39.117:311,dropped
8.130.39.117:80,new
8.130.39.117:808,new
8.130.39.117:8084,dropped
8.130.39.117:8989,dropped
8.130.39.117:9000,new
8.130.54.67:1111,dropped
8.130.54.67:4000,new
8.130.54.67:8004,dropped
8.130.54.67:8008,new
8.130.54.67:8080,dropped
8.130.54.67:9098,new
8.130.71.75:80,new
8.130.71.75:8080,dropped
8.130.71.75:8800,dropped
8.130.71.75:9080,new
8.130.71.75:9098,retained
8.130.74.114:1111,dropped
8.130.74.114:80,dropped
8.130.74.114:8080,new
8.130.74.114:8888,new
8.134.149.133:3128,retained
8.134.149.133:8081,dropped
8.134.149.133:8118,new
8.134.149.133:8800,new
8.137.13.191:6666,dropped
8.137.13.191:8008,retained
8.137.13.191:9098,new
8.137.38.48:12000,dropped
8.137.38.48:1234,retained
8.137.38.48:4000,new
8.137.38.48:8081,retained
8.137.62.53:8081,retained
8.137.62.53:8443,dropped
8.137.62.53:9098,new
8.138.125.130:3128,dropped
8.138.125.130:80,retained
8.138.125.130:8081,new
8.138.125.130:8443,new
8.138.131.110:3128,new
8.138.131.110:8080,dropped
8.138.131.110:8443,new
8.138.131.110:9080,new
8.138.131.110:9999,dropped
8.138.133.207:10000,new
8.138.133.207:3128,new
8.138.133.207:8008,retained
8.138.133.207:8081,retained
8.138.133.207:9098,dropped
8.138.149.37:30001,new
8.138.149.37:80,dropped
8.138.149.37:8008,dropped
8.138.149.37:8080,retained
8.138.204.32:3128,dropped
8.138.82.6:3128,dropped
8.138.82.6:8080,new
8.138.82.6:8081,new
8.138.82.6:8443,retained
8.138.82.6:9098,dropped
8.146.200.53:80,retained
8.146.200.53:8008,retained
8.146.200.53:8080,new
8.146.207.243:8888,new
8.148.11.3:3128,new
8.148.20.126:3128,new
8.148.20.126:80,dropped
8.148.20.126:8080,new
8.148.20.126:9098,retained
8.148.22.214:20002,new
8.148.22.214:3128,dropped
8.148.22.214:4006,dropped
8.148.22.214:9080,retained
8.148.22.214:9098,new
8.148.23.165:1111,dropped
8.148.23.165:80,dropped
8.148.23.165:8080,retained
8.148.23.165:9098,new
8.148.23.202:4000,dropped
8.148.23.202:80,new
8.148.23.202:8080,retained
8.148.23.202:9098,dropped
8.148.4.166:17947,dropped
8.148.4.166:8443,new
8.148.4.166:9080,retained
8.148.4.166:9098,dropped
8.152.204.59:8081,new
8.209.255.13:3128,retained
8.209.96.245:1234,dropped
8.209.96.245:193,new
8.209.96.245:4153,dropped
8.209.96.245:45,dropped
8.209.96.245:9080,new
8.210.17.35:14,dropped
8.210.17.35:3128,dropped
8.210.17.35:8008,new
8.210.17.35:8445,new
8.210.17.35:9098,new
8.210.17.35:9443,new
8.210.46.128:80,new
8.211.194.78:138,new
8.211.194.78:3128,dropped
8.211.194.78:31433,new
8.211.194.78:5060,dropped
8.211.194.78:5671,new
8.211.194.78:6379,new
8.211.194.78:9080,dropped
8.211.194.85:100,dropped
8.211.194.85:144,new
8.211.194.85:193,dropped
8.211.194.85:31433,dropped
8.211.194.85:45,dropped
8.211.194.85:808,new
8.211.194.85:8443,new
8.211.195.139:3128,new
8.211.195.139:5060,retained
8.211.195.139:8008,dropped
8.211.195.139:9080,dropped
8.211.195.173:1080,dropped
8.211.195.173:2873,new
8.211.195.173:28737,dropped
8.211.195.173:8080,retained
8.211.195.173:992,dropped
8.211.200.183:10002,new
8.211.200.183:1080,new
8.211.200.183:1234,dropped
8.211.200.183:3128,dropped
8.211.200.183:80,dropped
8.211.200.183:8080,dropped
8.211.42.167:104,retained
8.211.42.167:1234,new
8.211.42.167:3128,dropped
8.211.42.167:5060,dropped
8.211.42.167:544,dropped
8.211.42.167:8080,new
8.211.49.86:100,new
8.211.49.86:1088,new
8.211.49.86:2000,new
8.211.49.86:5007,dropped
8.211.49.86:7777,dropped
8.211.49.86:80,dropped
8.211.49.86:808,dropped
8.211.51.115:10000,new
8.211.51.115:144,dropped
8.211.51.115:4145,new
8.211.51.115:8080,dropped
8.211.51.115:8889,dropped
8.211.51.115:9050,dropped
8.211.51.115:9098,new
8.212.151.166:1024,dropped
8.212.151.166:10243,new
8.212.151.166:3128,retained
8.212.151.166:4145,new
8.212.151.166:8081,dropped
8.212.151.166:9080,dropped
8.212.165.164:20,dropped
8.212.165.164:3128,new
8.212.165.164:5002,new
8.212.165.164:5010,dropped
8.212.165.164:5060,dropped
8.212.165.164:80,new
8.212.165.164:8080,retained
8.212.168.170:100,dropped
8.212.168.170:1080,dropped
8.212.168.170:1111,new
8.212.168.170:623,new
8.212.168.170:8080,new
8.212.168.170:8443,dropped
8.212.168.170:9080,dropped
8.213.128.6:8058,new
8.213.128.6:81,retained
8.213.128.6:8103,dropped
8.213.128.90:30000,dropped
8.213.128.90:8060,new
8.213.128.90:8084,dropped
8.213.129.15:1000,dropped
8.213.129.15:8009,new
8.213.129.15:8989,dropped
8.213.129.15:9090,dropped
8.213.129.20:2019,dropped
8.213.129.20:20201,new
8.213.129.20:41,dropped
8.213.129.20:6666,new
8.213.129.20:8090,new
8.213.134.213:1080,dropped
8.213.134.213:4145,new
8.213.134.213:8081,dropped
8.213.137.155:20000,dropped
8.213.137.155:3132,new
8.213.137.155:8999,dropped
8.213.156.191:138,new
8.213.156.191:4145,dropped
8.213.156.191:50,dropped
8.213.156.191:6379,dropped
8.213.156.191:7010,new
8.213.156.191:9091,retained
8.213.195.191:10000,dropped
8.213.195.191:3000,dropped
8.213.195.191:3128,new
8.213.195.191:37,dropped
8.213.195.191:9191,dropped
8.213.197.208:45,dropped
8.213.197.208:6379,new
8.213.197.208:8001,dropped
8.213.197.208:808,new
8.213.197.208:8080,dropped
8.213.197.208:8888,new
8.213.197.208:9080,dropped
8.213.215.187:104,dropped
8.213.215.187:8001,dropped
8.213.215.187:8888,retained
8.213.215.187:9080,new
8.213.222.157:104,retained
8.213.222.157:3128,dropped
8.213.222.157:45,dropped
8.213.222.157:8008,new
8.213.222.157:9080,dropped
8.213.222.247:3000,dropped
8.213.222.247:30000,new
8.213.222.247:3128,dropped
8.213.222.247:6379,new
8.213.222.247:666,dropped
8.213.222.247:8081,new
8.213.222.247:9080,retained
8.215.12.103:2012,new
8.215.12.103:8001,retained
8.215.12.103:8002,dropped
8.215.12.103:8007,dropped
8.215.12.103:84,new
8.215.12.103:8443,dropped
8.215.12.103:9050,new
8.215.15.163:104,new
8.215.15.163:1080,dropped
8.215.15.163:11,new
8.215.15.163:51,new
8.215.15.163:8022,retained
8.215.15.163:92,dropped
8.215.3.250:104,new
8.215.3.250:4002,dropped
8.215.3.250:6379,dropped
8.215.3.250:80,dropped
8.215.3.250:8081,dropped
8.215.3.250:8443,new
8.215.3.250:87,new
8.219.229.53:1026,dropped
8.219.229.53:13,new
8.219.229.53:176,dropped
8.219.229.53:20,new
8.219.229.53:80,dropped
8.219.229.53:8888,new
8.219.229.53:9080,dropped
8.219.97.248:80,retained
8.220.136.174:1080,dropped
8.220.136.174:3120,dropped
8.220.136.174:5060,new
8.220.136.174:8080,dropped
8.220.136.174:9080,new
8.220.141.8:13,dropped
8.220.141.8:3128,dropped
8.220.141.8:8047,new
8.220.141.8:8081,dropped
8.220.141.8:89,new
8.220.141.8:9080,new
8.220.141.8:9090,dropped
8.220.204.215:18080,dropped
8.220.204.215:31433,dropped
8.220.204.215:443,retained
8.220.204.215:808,dropped
8.220.204.92:12000,retained
8.220.204.92:3128,dropped
8.220.204.92:5060,new
8.220.204.92:6379,dropped
8.220.204.92:8888,dropped
8.220.205.172:11,dropped
8.220.205.172:4002,new
8.220.205.172:45,new
8.220.205.172:5060,dropped
8.220.205.172:80,dropped
8.220.205.172:8081,dropped
8.220.205.172:9080,new
8.221.138.111:100,dropped
8.221.138.111:18080,new
8.221.138.111:5060,new
8.221.138.111:6379,new
8.221.138.111:80,dropped
8.221.138.111:8081,new
8.221.138.111:8443,dropped
8.221.139.222:31433,new
8.221.139.222:8085,dropped
8.221.139.222:8443,dropped
8.221.139.222:8889,new
8.221.141.88:39,dropped
8.221.141.88:80,dropped
8.221.141.88:8080,dropped
8.221.141.88:8443,retained
80.249.112.162:80,retained
80.249.112.163:80,retained
80.249.112.164:80,retained
80.249.112.165:80,retained
80.249.112.166:80,retained
81.169.213.169:8888,retained
82.145.209.241:80,retained
82.145.209.242:80,retained
82.145.209.253:80,retained
82.145.209.254:80,retained
82.165.103.154:80,retained
82.180.132.69:80,new
82.194.64.5:80,retained
83.168.72.172:8081,retained
83.168.74.163:8080,new
84.39.112.144:3128,new
84.52.125.113:8082,new
85.214.107.177:80,dropped
86.109.3.23:10004,retained
86.109.3.23:443,retained
86.109.3.23:80,retained
86.109.3.23:9400,retained
86.109.3.23:9401,retained
86.109.3.23:9443,retained
86.109.3.24:10031,retained
86.109.3.24:10087,retained
86.109.3.24:9400,retained
86.109.3.24:9401,retained
86.109.3.24:9443,retained
87.247.251.24:80,retained
87.248.129.26:80,dropped
88.135.72.7:80,dropped
90.152.50.154:3128,new
90.156.194.75:8026,new
91.103.120.55:80,new
91.107.154.214:80,new
91.227.239.2:8080,dropped
91.227.248.40:80,retained
91.239.7.66:80,new
91.239.7.75:80,new
93.171.157.249:8080,retained
93.190.138.107:46182,new
95.179.247.153:80,retained
95.213.195.134:80,retained
95.66.138.21:8880,dropped
95.66.244.250:8080,new
97.74.87.226:80,new
98.172.140.76:8080,dropped
98.191.238.177:80,new
98.64.128.182:3128,retained
